sequence,start,end,score,type,method,source
LPNIQPTDN,54,62,0.6746666666666666,B-cell,Bepipred,IEDB API
PNIQPTDNS,55,63,0.8531111111111112,B-cell,Bepipred,IEDB API
NIQPTDNSC,56,64,0.9806666666666667,B-cell,Bepipred,IEDB API
IQPTDNSCE,57,65,1.0075555555555555,B-cell,Bepipred,IEDB API
QPTDNSCEF,58,66,0.9491111111111111,B-cell,Bepipred,IEDB API
PTDNSCEFK,59,67,0.8427777777777778,B-cell,Bepipred,IEDB API
TDNSCEFKS,60,68,0.6806666666666668,B-cell,Bepipred,IEDB API
DNSCEFKSV,61,69,0.5455555555555556,B-cell,Bepipred,IEDB API
ENINNIASP,85,93,0.5927777777777776,B-cell,Bepipred,IEDB API
NINNIASPS,86,94,0.7746666666666665,B-cell,Bepipred,IEDB API
INNIASPSS,87,95,0.9628888888888887,B-cell,Bepipred,IEDB API
NNIASPSSG,88,96,1.1236666666666666,B-cell,Bepipred,IEDB API
NIASPSSGS,89,97,1.2217777777777779,B-cell,Bepipred,IEDB API
IASPSSGSR,90,98,1.2891111111111109,B-cell,Bepipred,IEDB API
ASPSSGSRR,91,99,1.2732222222222223,B-cell,Bepipred,IEDB API
SPSSGSRRH,92,100,1.1947777777777775,B-cell,Bepipred,IEDB API
PSSGSRRHK,93,101,1.0638888888888889,B-cell,Bepipred,IEDB API
SSGSRRHKR,94,102,0.8778888888888889,B-cell,Bepipred,IEDB API
SGSRRHKRF,95,103,0.6765555555555555,B-cell,Bepipred,IEDB API
EIGNEQWSY,311,319,0.5792222222222223,B-cell,Bepipred,IEDB API
IGNEQWSYP,312,320,0.6512222222222221,B-cell,Bepipred,IEDB API
GNEQWSYPA,313,321,0.7067777777777777,B-cell,Bepipred,IEDB API
NEQWSYPAK,314,322,0.7715555555555556,B-cell,Bepipred,IEDB API
EQWSYPAKN,315,323,0.7601111111111112,B-cell,Bepipred,IEDB API
QWSYPAKNC,316,324,0.6948888888888889,B-cell,Bepipred,IEDB API
WSYPAKNCK,317,325,0.5962222222222223,B-cell,Bepipred,IEDB API
CKSPSYPIY,387,395,0.6093333333333333,B-cell,Bepipred,IEDB API
KSPSYPIYQ,388,396,0.7537777777777779,B-cell,Bepipred,IEDB API
SPSYPIYQP,389,397,0.8353333333333334,B-cell,Bepipred,IEDB API
PSYPIYQPD,390,398,0.8851111111111112,B-cell,Bepipred,IEDB API
SYPIYQPDH,391,399,0.9466666666666667,B-cell,Bepipred,IEDB API
YPIYQPDHH,392,400,0.9500000000000001,B-cell,Bepipred,IEDB API
PIYQPDHHA,393,401,0.8687777777777778,B-cell,Bepipred,IEDB API
IYQPDHHAV,394,402,0.781,B-cell,Bepipred,IEDB API
YQPDHHAVT,395,403,0.6147777777777779,B-cell,Bepipred,IEDB API
QTINTQPID,440,448,0.5541111111111111,B-cell,Bepipred,IEDB API
TINTQPIDI,441,449,0.6087777777777778,B-cell,Bepipred,IEDB API
INTQPIDIS,442,450,0.591,B-cell,Bepipred,IEDB API
NTQPIDIST,443,451,0.5517777777777779,B-cell,Bepipred,IEDB API
TQPIDISTE,444,452,0.5020000000000001,B-cell,Bepipred,IEDB API
